<?xml version="1.0" encoding="UTF-8" ?>
<ACTIVITY>
	<TITLE>Activity</TITLE>
	<SUBTITLE>Network Address Translation (NAT) with Overload - PAT</SUBTITLE>
	<STEPS BASE="1" BYSTEP="false">
		<STEP SRC="CCNA4_act_1_1_3.swf">
			<DESCRIPTION>Drag the correct IP Address/Port combination and place into the NAT translation table. Host-A and Host-B are both communicating with the WWW server and Router-A is using PAT by way of the serial interface IP address.<BR/><BR/>When done, click the <B>Check</B> button.</DESCRIPTION>
		</STEP>
	</STEPS>
	<MESSAGE>Congratulations, this activity has<BR/>been successfully completed.</MESSAGE>
</ACTIVITY>
