<?xml version="1.0" encoding="UTF-8" ?>
<ACTIVITY>
	<TITLE>Activity</TITLE>
	<SUBTITLE>Link-State and Distance Vector Routing Protocols</SUBTITLE>
	<STEPS BASE="1" BYSTEP="false">
		<STEP SRC="CCNA2_act_6_3_3.swf">
			<DESCRIPTION>Identify whether the routing protocol is either Link-State or Distance Vector.<BR/><BR/>Move your cursor over the checkbox associated with your choice and click.<BR/><BR/>When done, click the <B>Check</B> button.</DESCRIPTION>
		</STEP>
	</STEPS>
	<MESSAGE>Congratulations, this activity has<BR/>been successfully completed.</MESSAGE>
</ACTIVITY>
